{
  "hash": "11711f67",
  "configHash": "f29e1f4e",
  "lockfileHash": "3bb2b1a5",
  "browserHash": "29522871",
  "optimized": {
    "@angular/common": {
      "src": "../../../../../../node_modules/@angular/common/fesm2022/common.mjs",
      "file": "@angular_common.js",
      "fileHash": "cad5375d",
      "needsInterop": false
    },
    "@angular/common/http": {
      "src": "../../../../../../node_modules/@angular/common/fesm2022/http.mjs",
      "file": "@angular_common_http.js",
      "fileHash": "f395517c",
      "needsInterop": false
    },
    "@angular/core": {
      "src": "../../../../../../node_modules/@angular/core/fesm2022/core.mjs",
      "file": "@angular_core.js",
      "fileHash": "1215fadc",
      "needsInterop": false
    },
    "@angular/platform-browser": {
      "src": "../../../../../../node_modules/@angular/platform-browser/fesm2022/platform-browser.mjs",
      "file": "@angular_platform-browser.js",
      "fileHash": "66bc24f0",
      "needsInterop": false
    },
    "zone.js": {
      "src": "../../../../../../node_modules/zone.js/fesm2015/zone.js",
      "file": "zone__js.js",
      "fileHash": "9556f0d6",
      "needsInterop": true
    }
  },
  "chunks": {
    "chunk-R7E7YMUX": {
      "file": "chunk-R7E7YMUX.js"
    },
    "chunk-VERO5ILK": {
      "file": "chunk-VERO5ILK.js"
    },
    "chunk-ZH6LALFQ": {
      "file": "chunk-ZH6LALFQ.js"
    },
    "chunk-TKG5WVD7": {
      "file": "chunk-TKG5WVD7.js"
    },
    "chunk-WDMUDEB6": {
      "file": "chunk-WDMUDEB6.js"
    }
  }
}